0.9243900008636495,0.27450931260957767,0
0.6412976163656702,0.27105554001835974,0
0.7667400002755194,0.5484467655822459,0
1.2000529761321135,-0.3327160018228872,1
1.1883867669068542,0.25516683423675074,0
0.007859653629029927,0.44979319498119136,1
0.18692287059381263,0.09261948081699664,1
1.0830326571439381,-0.5423183272389903,1
0.20943505548380176,-0.21767547714509972,1
0.9669636902398383,-0.559546917463324,1
0.30564354593827,0.9753274302603396,0
0.4777448545006917,0.8427760069849202,0
1.7658271458811317,-0.331698082126181,1
0.23184434901389545,-0.15811060546153738,1
-1.0221374887349364,0.1473773583348366,0
0.040017946845200894,0.14199052804838758,1
0.6738825713279375,-0.5416861107426885,1
-0.9273153187609818,-0.1187592541658185,0
0.04249948607007507,0.33747055861957986,1
0.19727014316950725,-0.2508657744687645,1
0.6930301885257599,-0.5762482551075983,1
0.24870287163999566,-0.006281143057664806,1
0.76890664209667,0.4599455938804251,0
0.21465316752708954,-0.10404552054880424,1
0.011223072209556225,0.3755824505696475,1
1.9618315014146428,-0.15044867063346024,1
-0.09574375400237131,1.1601724735475483,0
0.06050769231195048,0.1287686084020924,1
0.04430256676481542,0.31332956654077904,1
0.6063729691419861,0.826131740210709,0
0.9547541275115421,0.0361075817218696,0
0.13318024170552611,1.0210764470208866,0
0.8852318841855501,-0.3838971006451738,1
2.0528238871324835,0.5596303267405195,1
1.1798851209912726,0.11797867945356205,0
1.3699309053219848,-0.3583806866184237,1
1.0287741697030872,-0.6269728803243618,1
0.4436349991803449,-0.34396008250814186,1
1.4888477648845184,-0.49694649566738575,1
1.0037337621567144,0.395506130783403,0
2.0115646921892125,0.12801710559199608,1
0.5349167285425769,0.7861008684961075,0
1.4879890721597377,-0.45588434987983834,1
0.5634942901248383,-0.29382082652546476,1
1.4600816546776536,-0.5817948321489184,1
1.225786804921992,-0.6144709891833666,1
-0.3184923367226652,0.8001368410201702,0
1.1860961464260258,-0.4647932696945786,1
1.726784414031707,0.19531058265710283,1
0.9167491534395914,0.2918384789674896,0
0.40615862199117597,-0.2965961020250704,1
-0.7986785807573229,0.2168751333958535,0
1.31109638270489,-0.3243773805321952,1
1.9280236251761727,0.3737090065432887,1
0.4340215646345228,-0.5166887805898683,1
2.0115324355499373,0.2535915102266999,1
0.6291096343463131,0.5668724041678083,0
0.04168300232323636,0.8100309144750011,0
0.36057307800857546,-0.1843501679423019,1
1.3227868460698862,-0.4443638279370743,1
1.0282547858970885,0.1996331088587803,0
0.5705816881257615,-0.4462506417347558,1
1.0137501705103564,0.424179103018209,0
0.5939110704878142,-0.38063882285175166,1
0.8295236757338386,0.21480900627972993,0
1.9047307545679204,-0.1309500727998877,1
1.355917146115233,-0.4482673545161406,1
2.000642343033149,-0.04332066066358403,1
-0.3083267673459266,0.8554038217860556,0
0.3158671536605105,-0.14125202061433534,1
-0.16655454264871122,1.1179997610904013,0
0.8769254227936631,0.32189684912444166,0
1.9622638275249684,0.3578955373238784,1
0.26859095082755213,0.9439128902830329,0
0.8116418025832643,0.39334933256367444,0
0.5198413771380123,-0.30125106010702807,1
0.11467422446648785,0.9997940333714027,0
-0.0328647576660183,0.6720500752138268,1
-0.036090919748231615,0.31169464007967346,1
0.42172380074825017,-0.3308765012376475,1
-0.06646600881364192,-0.012094798268152154,1
-0.8860411884562671,0.5463641599756305,0
0.10031521050519154,0.19027411307865888,1
1.914787288469408,0.337317669745616,1
-0.7525895439080408,0.5000177323803292,0
-0.48535112076160003,0.7748757300038166,0
-0.47191771908040836,0.9006729360857975,0
-0.5985002658269895,0.9645149645216723,0
0.22244170534925456,-0.3318812395942101,1
1.185884594021363,0.1810494984159473,0
0.8071912945290382,-0.4835026865430182,1
1.9751902472607987,0.7166384500097002,1
0.007722115673493464,0.1638090512703163,1
0.8920018687949081,-0.4413159614917861,1
-0.13565424091350925,1.0448316664922936,0
0.5365212446884913,-0.39215632721341603,1
-0.05383683257711028,0.48616360614697474,1
1.108275464284191,0.3303046823110743,0
1.8684904723331228,0.5924159726230552,1
2.071380568229812,-0.047838143703674785,1
-0.9441027663728151,0.0584096254375108,0
-0.1520260112933629,1.0829681526974437,0
-0.5719514388675677,0.7976538271695643,0
1.0451890611042396,-0.5186545639069328,1
1.4639027374680804,-0.432429693613144,1
1.099135114411251,-0.25913992908451255,1
2.1180423557919927,0.3336026976235202,1
-0.08314275217419714,0.3951767493355745,1
1.8182249908461428,-0.26906589636130174,1
0.4011517076033086,0.7718582200226278,0
0.8655720129479316,0.6646020468608911,0
0.3989185423662033,-0.4845470222703262,1
0.06800942684381325,0.510688201232135,1
1.9804612191856714,0.2106642164701138,1
2.040876255380888,0.5804291095888465,1
-0.8334282322591701,0.3793236559525788,0
1.085524442744335,-0.5065898572331873,1
-0.1013819203734712,0.9734160372206173,0
0.4624327941987277,0.9205244140995685,0
1.7566202373997553,-0.2739846867760608,1
-0.7747086643492082,0.8134468554472225,0
-0.8670980717167467,0.5360480999021872,0
0.1306530298194154,0.2204198957370131,1
0.10268055684198468,1.0004768100700567,0
-0.9484186100729517,0.13677929496148045,0
1.270408034928495,-0.49305453518932535,1
1.1129967769795504,-0.09091083087442858,0
-0.12196019349987748,0.9603428292384277,0
0.5575508364870405,0.5800919667393215,0
-0.8815936303154838,0.5910854438042358,0
0.8312740114830428,0.4758118475585846,0
-0.9987060908114811,0.4027925354856548,0
-0.4463243278214759,0.8263221598954072,0
-0.8003920600053962,0.7878277929986884,0
-0.9308551766119666,-0.1447927120246193,0
1.8693617908562525,-0.0017057081965093507,1
1.9669258716382636,0.16290140441826217,1
1.0077598855807284,0.25578712568387735,0
-0.6075943264200574,0.9736268317621521,0
0.27166114486398113,0.8859417639991085,0
0.8093154598609561,0.7197655308384721,0
-1.0285676090146334,0.16374080182716375,0
0.15472871472782695,-0.18332107189819402,1
1.9148584449906074,0.0726471373436807,1
-0.33546419193548227,0.9979868781575928,0
1.4855208054592686,-0.5049737376927366,1
0.5888729109040414,0.878555636499174,0
0.6665121609156948,-0.5320321473933027,1
-0.05988083585433749,0.9146600424816901,0
1.7147334694458012,-0.014785644890731295,1
-0.6702717187391427,0.6650116147186854,0
0.9680995321010468,-0.48592016284683176,1
1.492495487416558,-0.5334067306191197,1
2.0952335930582024,-0.17458159410435975,1
1.8669376425793232,-0.0286456136166921,1
0.4789237709583213,0.7055444997810275,0
0.4959800465690992,-0.26963316695104156,1
1.0475107955044796,-0.056127022528486406,0
1.698858502493781,-0.08292856162376233,1
-0.012993560660431083,0.44431897889646094,1
0.0385232400727938,0.8749979671593316,0
-1.1730102357360814,0.09303434275048061,0
1.0637712449056833,-0.7268995115254718,1
-0.30866746876140805,0.9441760020144694,0
-0.0007152343685556846,0.2734828946185298,1
1.8416886065238054,0.12197090311789469,1
1.756296481329374,-0.17517508680501942,1
-0.8365829253497647,0.3895774104741302,0
1.2082621916786438,-0.3484089680319401,1
-0.623976088340078,1.0877676444793307,0
2.0724264027121015,0.49935147443492334,1
0.8780601173943059,0.7460995887193662,0
-0.7499241771241079,0.7083837444818382,0
-0.09713712462457236,0.027510906313042646,1
-1.0496169953433907,0.3944361344716897,0
0.09541314231702976,0.4570386166873508,1
0.2367876640099626,-0.09277050567983398,1
-0.5569070955389701,0.699236052950133,0
0.94159836790287,0.2505725377763926,0
0.713045526029553,-0.38370543544397445,1
-0.5036686530570654,0.6112299988629498,0
0.13977095186801905,-0.03945093101655042,1
0.25480268693171587,-0.27372424650853727,1
1.8959176541341176,-0.25004499108491496,1
1.6014601882737824,-0.12687999924407903,1
0.3321589535151249,0.8818584774301166,0
0.8460094842960236,-0.4962845015230962,1
1.9534058775899892,0.2973813522238052,1
1.6201167395282383,-0.23462328586834374,1
-0.6387183901477143,0.733934199929333,0
0.47602929166496794,-0.11965328775187356,1
-1.0390351390934347,0.4014979873899918,0
-0.7162846792430273,0.6551760781715943,0
1.7293994144606424,-0.1850170991141179,1
-1.1251420473989886,0.24235200296020126,0
-0.6418362985833885,0.7741697633513319,0
0.22446748947102652,0.9343529700177426,0
-0.040267293948717975,0.08552065745193008,1
-1.0132837800703567,0.5707621869535103,0
0.6336960727924527,-0.4009514433972195,1
0.7860025676550373,0.44248047552502623,0
0.5756800507361595,0.745530273806095,0
0.5699696035982021,0.7939047944671276,0
0.7699127659231868,-0.4611873208324222,1
0.8213229932954534,0.4232303647296222,0
-0.6080359592526444,0.7091449111541002,0
0.48959575154539003,1.0501028268492494,0
0.13767939108881067,-0.18961737283991614,1
-0.499667718417655,0.9040122998343892,0
0.4376661968301195,-0.2715805895617935,1
-1.014000379896125,0.3579067898940462,0
0.8942725104673865,0.6357428604192222,0
-0.8051248440613095,0.606550586230828,0
0.7372742247176347,0.6599734983341577,0
0.10052202637014583,-0.16111325771441354,1
-0.9219657734710447,0.318385788847733,0
0.903832305435766,0.3931999695228492,0
0.3788011934098047,-0.3150833958354102,1
-0.9032442295024978,0.5185145783851061,0
-0.9328867775377354,0.5284483040461471,0
-0.4736946546684695,1.0256296537692535,0
0.9145993049799341,-0.4076963695189803,1
0.13219801721492191,-0.00021232715528080037,1
0.8580757695936422,0.31559148022941774,0
0.6473563955453397,0.8182048175164593,0
1.2562979319622625,-0.424932337432302,1
0.9767240985593917,0.06317872465732186,0
0.3012862983384908,-0.1731354124331806,1
0.22608287499434496,-0.08239805144718619,1
0.9030939810340927,-0.5176679848578327,1
-0.5445943658345329,0.8850168358165282,0
1.1411571597402101,0.11374580942402512,0
0.12561457419215225,1.0286899273771393,0
1.2597753100412143,-0.44940577526794306,1
0.37603880901115233,0.9218374716850899,0
0.13646289967764952,1.015711374997236,0
0.142849533809136,-0.28824100623721816,1
0.06828521080738867,0.11221050100832042,1
-0.6223928164603298,0.6661512362037578,0
0.28195495988225217,-0.4434703543048375,1
-0.04843579036388835,1.0644025944605828,0
0.7982834864966144,0.6779692683598366,0
-0.42276028288201795,0.7597943484556993,0
0.5026572559174042,-0.4939961072287245,1
0.17434818098664667,0.021803883733549773,1
-0.08589771440272377,1.1534890334848202,0
0.8889347324719086,-0.590193294577247,1
-0.0899143877258991,0.3959120963678866,1
0.5792787722515647,0.7958488248110358,0
0.8770235172300618,0.3227722254353089,0
0.9674142510540729,0.35360809241493607,0
0.8002644222228947,0.7581533703720003,0
2.121316945584572,0.3173271916543152,1
0.9595352774824483,0.19655005944549445,0
0.05252263297216247,0.35244084993751723,1
-0.9320245145447554,0.20166434958185034,0
0.787759952646091,0.6009311820544408,0
1.2146313652393737,-0.4721532405324294,1
-0.7558461179639033,0.5641554662115399,0
-0.9958863575458408,0.08038203812622684,0
0.4383624985522786,-0.176485614852967,1
-0.8853707610008414,0.4966712591510087,0
-0.22735652220783034,0.9000027455142066,0
-0.49663414503490866,0.7061314420445212,0
-0.733893982633242,0.5679786172434843,0
1.9884822657112238,0.3749175382785376,1
1.7323021408433257,-0.16419090111167595,1
0.5706846344527517,-0.24168128834554187,1
0.7082388683600732,-0.38591848120946026,1
-0.7781562693607093,0.7191909659066041,0
1.475852208934755,-0.48997070456218206,1
0.947954063140311,-0.41808122843082307,1
0.2683934390285205,-0.2196526130762842,1
0.09679113379935589,1.1794277361405303,0
1.2292172268885806,-0.5429325480426063,1
-0.26564276196331227,1.0734444366722262,0
0.12268558384190884,0.9371588765692832,0
0.37198663304805313,-0.1496494785259559,1
-0.018597497966393498,0.896168039470791,0
-0.16385743701538755,1.1327180074816146,0
-0.6535684321207843,0.9830750942794896,0
-0.7556298629569165,0.6206539697862037,0
1.4410868832088854,-0.29655494138612015,1
-0.6463278001465561,0.7211739891289117,0
0.8281558809468272,0.3751746839450537,0
0.7350742700590576,-0.5207512616305487,1
-0.7931535746700504,0.45875153382352674,0
0.6596514532912319,0.6674829791248323,0
-0.8604554348414388,0.06758230639264903,0
-0.2411948436399729,1.0209731680790264,0
0.17840550838423036,-0.20298442375580533,1
0.3111705925505071,0.9442654867872342,0
-0.2734801992597145,1.0686412456898933,0
1.222749764136395,-0.3973855717203542,1
0.05472132900723142,0.26064550734674796,1
-0.05488078799297677,0.9282316364739804,0
-0.814980312000981,0.362748349495705,0
1.5830585072022763,-0.03788255224342746,1
-0.5064317966861775,0.749856926746136,0
0.30505436891621013,0.9230628814168669,0
-0.2873108067480373,0.8529218138717171,0
0.012000116395483585,0.271519368016276,1
-1.0067226679834034,-0.01665632609857473,0
0.9467830059227672,-0.029900363772576044,0
1.584614392718729,-0.26121833863397304,1
0.33386412472970367,0.8506079057986607,0
0.32988990307047567,0.8207422662351822,0
1.6735368148602747,-0.2159248668830594,1
1.8734782848779648,0.0960723550885382,1
0.16239818995705552,-0.19932431594324201,1
1.0985237240119994,0.017159926741115997,0
0.42160731629688497,-0.26940540617566605,1
1.013304751654101,0.3280995350623126,0
0.9408607410314611,0.021883090976702477,0
0.310431101879726,0.9288360860516383,0
0.11967286721616019,1.0545510713729411,0
-0.6193132875474028,0.8631977789541205,0
1.5827154703105442,-0.39386890084041637,1
1.839579297271572,-0.004311272961553245,1
2.092227615104969,0.2678157608071968,1
0.6561754882544593,-0.4662748047156208,1
1.0523193339842865,-0.4281894359846717,1
-0.04294110071560331,1.219875629229146,0
0.8942430537146971,0.4930888336943152,0
1.3031020896932204,0.10537282313649904,0
0.3964213422667389,-0.3708875616658802,1
-0.9221483077789252,-0.036489401033027696,0
0.48583700270257635,-0.23072358471342894,1
0.9267165845761646,0.6463075671607408,0
0.22103775561844397,1.1082722417654185,0
-0.7006762838022766,0.7304515959698448,0
1.5858804206880244,-0.4389600850747021,1
0.8064075713444081,0.7174978309650473,0
-0.6754952696913017,0.775477882344852,0
0.8825847063752057,0.5132780460638802,0
1.3296060848913294,-0.49010797035818887,1
0.5754936946166216,1.0380520011131642,0
0.712631539516536,-0.5630350339339769,1
0.7243542052000881,-0.2971145274631663,1
-0.8860115115167139,0.31449755538602997,0
1.9050560813355082,0.090367356680091,1
-1.0751023790094174,0.3313505905812678,0
0.242549179465563,-0.25158185370112074,1
1.9679530838060215,-0.08940495522858245,1
1.8050598204828048,0.43302609935365016,1
-0.010731487894061344,0.39468166263776466,1
-0.11929009342157709,1.1564562262777789,0
1.7440946863793132,-0.4091050476074416,1
0.6750806409810005,-0.422259678897731,1
1.0742996575535204,-0.45717780417375425,1
1.1836833031460827,-0.4596322589850088,1
1.8112211830817542,-0.11961573547441481,1
1.066236050855589,0.09057916136586769,0
0.21481064550342166,0.33686106478982036,1
-0.03954330206889659,0.4272951503679977,1
-0.8066633037154161,0.2600475242177521,0
1.054720891184253,-0.3504061779350647,1
1.9530661733645744,-0.2128250788311798,1
0.8413337171567938,-0.6819283324105441,1
1.3487395278270744,-0.4239042923743047,1
-0.031665250061593236,0.04489279154249356,1
1.6923195170691072,-0.0707085651822131,1
0.5473824694081187,-0.18727150045205382,1
1.6614049399734554,-0.08696022670463288,1
0.709771260556827,-0.5483107960537039,1
0.2868681426965774,1.0285034606470094,0
2.1652330503063943,0.5858548637333981,1
0.624060939718444,0.7925815169852137,0
1.8779508025246674,-0.17288555195125532,1
0.9071660699007076,0.3503006415165462,0
1.4740105185518295,-0.28219327432134095,1
0.4372219792314115,-0.48100450553350793,1
-0.8116497373524779,0.5760656518996152,0
0.8804704759880502,0.0820341227759862,0
-0.7947007901674703,0.6619832318381507,0
1.1019945726292741,-0.4238211706537517,1
0.5354396524659328,0.730858403868045,0
2.0606990478649343,0.1878161175158801,1
0.4909389298752611,-0.44632095682843353,1
1.739354125812122,-0.2377052891479201,1
0.9948450864653425,-0.0689383231200856,0
1.5787793961575676,-0.36722867941999976,1
-0.01197888899890235,0.22634720300206151,1
-0.6409130083463802,0.9188007328936834,0
0.29905457839126137,-0.3385740086590483,1
-0.05025873585204114,0.41265472619248367,1
1.7598672986350792,0.05376714580948483,1
1.6274004157547475,0.07304600271493836,1
2.0337831037719636,0.3999521498444658,1
1.0172226821169599,0.10208190587266423,0
0.6218111312671958,0.799099679959274,0
-0.9002657305478455,0.07909076034597129,0
-0.4659721879139022,0.8839475717910847,0
-0.24796747781470396,0.8117764784072246,0
-0.17315502118322718,0.9859012846690767,0
-0.5205509637913436,0.9355884563227415,0
-0.1543379628384271,0.8489154490741846,0
0.22903007626290856,1.0367827425086027,0
-0.06643720430251755,0.9857851721429094,0
1.7495970469065936,-0.31655642069971657,1
1.7009197954105548,0.036939239878097746,1
1.3645226866626716,-0.5041285728382211,1
0.08649456323838493,0.02138917235829091,1
0.9437465518123627,0.5809542787561189,0
1.9083802338817044,0.38236627552290897,1
0.9431259620063279,-0.5377605841004884,1
0.0739105375622332,0.2632413549814727,1
1.4670941989901296,-0.3693491921840911,1
1.581229366831244,-0.3404412559727435,1
-0.005549166991634491,0.2443855532869085,1
-0.9557567854740953,0.29341374900016165,0
-0.4290023260975312,0.9058226594367262,0
1.3863381054562007,-0.39463175539462964,1
0.21602318639221993,0.9876431932123172,0
0.5723684433452572,-0.4704121168963125,1
0.5187991756642301,0.8760610723617234,0
0.919691497242003,0.6167161423907631,0
-1.0559871454881997,-0.012346427096665516,0
-0.23787069705571084,1.091382687784259,0
1.0221341756046554,0.22845754025327494,0
0.40487538430549047,0.9773916856939586,0
0.5922762231210648,-0.2654050740191888,1
1.6258304798122216,-0.38337701279587133,1
-0.9253662406979406,0.668376781460829,0
0.0052632035411879635,0.05960205283464916,1
1.9607199910510258,0.06488524868275282,1
0.09796095453655594,0.07000354490749545,1
-1.1247341675440263,0.04034698054623108,0
-0.6901804307454074,0.8866315255594187,0
0.7858127344266043,0.38545669937747246,0
-1.0362020545089798,0.11496986061034362,0
-0.9564673038406789,0.3411254501333212,0
1.1907036671022382,-0.2477709965393389,1
-0.17524596635683617,0.32227443211592977,1
0.5280196694457872,0.824588049435642,0
2.005864824993843,0.3902196615359227,1
-1.0187076326852706,0.21698123729121088,0
0.8479685227710586,0.6555877482948241,0
1.898915173224785,-0.3082042989242817,1
1.1618537993541558,-0.5110062272166053,1
0.8802459285978446,0.6340407698492643,0
0.45983826270224365,-0.3777991372194494,1
0.9444237327427916,0.08283934493838324,0
-0.00643173117427491,0.1467205311826525,1
0.38676271131698564,0.7461938401408083,0
-0.04683824240384693,0.9958326236175279,0
0.8260642450421569,0.9903831048839111,0
0.3063237749297947,-0.04931019827611499,1
-0.8564910552703227,0.59079396251267,0
2.014303320663752,-0.05637562507678716,1
-0.0857302341346513,1.0490655949402536,0
-0.6264373764849559,0.8138560525502578,0
0.23564385123514142,-0.11296816241144611,1
0.3831240334145086,-0.16197441784939673,1
-0.8076850911319091,0.09216813004734828,0
1.6228197990183135,-0.234936401606473,1
0.3117391746792798,1.133292543112118,0
-0.026079935863365176,0.9492546818283001,0
0.0037477593718663327,0.8307589842061359,0
0.971522294750524,-0.5224742722386883,1
0.9266451501691344,0.24625511592378868,0
1.8660865983901749,-0.009434170849974489,1
0.48948267569619736,0.8862696975054606,0
0.5906881993651462,0.6096129438946479,0
1.995605210460183,0.05613810955100629,1
0.36891306807157875,0.9941448877279214,0
0.37600770194229927,-0.35047068567434286,1
-0.732998422651123,0.5810641729905066,0
-0.0818478750887309,0.3811899331821533,1
-0.9476600156420335,0.2558303627282984,0
0.6711179852838384,-0.46441187604893325,1
0.6733513753224989,0.6607864568558457,0
-0.7570455011783023,0.4936078875650265,0
1.9934019567027081,-0.05614206917565989,1
0.9031431158702488,0.3056534263040649,0
1.655516511054154,-0.3016862578754168,1
0.9528701322190011,0.4177260445755708,0
-0.2786491505291307,0.9562933275527299,0
0.8351616522756992,-0.4077812342806994,1
-0.14812880396911815,0.9879741695032497,0
0.6005203498039244,0.7560364347203449,0
-0.9512021402942431,0.38590900381283144,0
0.08310358714024682,0.7135041382454336,0
-1.1467223745926929,0.18983742988833024,0
-0.9397096929004723,0.1927091636823961,0
1.8545493711319425,0.05466146118616838,1
1.3446599408733226,-0.6441878524737691,1
0.3325903026426945,-0.3672337884483952,1
-0.9937469661697567,0.544517623806799,0
-0.4190191444950749,0.9450813307255134,0
-0.6012807748673294,0.8320705771825279,0
-0.37297116999179925,0.8468899370542813,0
1.499232342322621,-0.5000191171603119,1
-0.10727085239837056,0.43901016042917196,1
0.7317499503404957,-0.5132020229509409,1
0.3354752268158451,-0.40218117666766373,1
-0.5527983515530243,0.583677064626442,0
0.8846830374123974,-0.4159583993345131,1
-0.8000527392760681,0.22353669754152616,0
-0.2628841015116838,0.8252364208275269,0
1.1759401974261905,-0.4066295236154818,1
0.6423057157555538,-0.5032317823869683,1
0.047371358474892246,0.36933276611635224,1
1.8273986401633555,-0.0883002097260158,1
0.7059412670930647,-0.12054872760069235,1
1.580319334013901,-0.30170821840716094,1
1.7997647802315435,0.2786322705496086,1
0.83441949572079,0.7936813858820337,0
0.07520360159448872,0.20136927233099833,1
0.18604780785723307,0.9534732709156558,0
0.8072630745442324,0.5734360045917616,0
0.26781495571891645,-0.07770118968593855,1
0.7386603474329068,0.704690038920199,0
1.6679435496874575,-0.11229506018217536,1
0.5835439272526756,-0.36550139772451523,1
0.9020897571029539,-0.2878605027197384,1
0.34090694864113663,-0.29021920918483396,1
1.9465410575165873,0.13427055889201464,1
-0.528996273029894,0.7330362364830889,0
1.8873670389869142,0.13985211086286553,1
0.2932212851704352,0.8597518362454812,0
0.6312035853339955,0.612888134813602,0
0.43214466434793014,0.9145231682986067,0
0.009683221358396586,0.38651576202297466,1
0.1411635493891894,-0.14160930154477283,1
-0.05561427321190443,0.30652843650472894,1
0.40465443970146153,-0.16382278971413317,1
1.904902220097061,0.12502755766383133,1
-0.8285569323212448,0.6595647980438176,0
1.9066766742119408,-0.13268797619600847,1
1.747208573948803,-0.020764232247466236,1
1.5062750551420323,-0.49948444115457524,1
0.16678946924130444,0.12602578628771677,1
1.307315236836768,-0.47674694236612525,1
0.1960137029138524,0.0019368438368167484,1
0.9979055449798212,-0.021270127683561804,0
1.8608972490968434,0.1119830597884961,1
1.7409167022075365,-0.17068151589391478,1
0.6120081577815677,-0.45053905188756466,1
-0.2278026140881238,0.8280018865272869,0
-0.3661204603014109,0.8538260127562004,0
-0.936255092798499,0.3673304294907798,0
1.388100938101533,-0.3023889011227994,1
-0.17423852422384387,1.090428558306972,0
1.1152624323563578,-0.6379963563264498,1
1.171680700629215,-0.5775504917676265,1
-0.727080134147328,0.9691981759224906,0
0.9826333777044101,0.2891296012797643,0
0.6252719259399652,1.025683070335617,0
0.9055795505416969,-0.4598100039066721,1
0.04552480185547417,0.43989217506047196,1
-0.15062368271491278,1.0204350863735714,0
-0.826397616974204,0.4984319941826164,0
0.2306803906826398,0.07628176707368786,1
-0.8117363668423536,0.6941703087425823,0
1.6160066204871968,-0.2793003772394466,1
0.7898524663522286,0.7749363270378755,0
0.7327254683786749,0.8073863777692454,0
-0.8555128830827626,0.40183909287215774,0
1.561333202901238,-0.2621370979564744,1
-0.9598956351661483,0.0010655277556792268,0
-0.44785533304055636,1.0197677836281038,0
0.03851002576923643,-0.08264037311822273,1
0.9235541329881416,0.7396245182966972,0
1.4588249772368256,-0.3910139319646344,1
0.8156561916936269,-0.4783967568033366,1
0.8381089359748832,0.743317724504952,0
1.2171725247505962,-0.4907112691236568,1
1.5689815114840044,-0.0255383450348885,1
0.30871969473201977,0.8767031758423837,0
0.27184265714819167,0.31008003035183834,1
0.11341941504902396,0.2291074793979591,1
1.2225449353669502,-0.34068563172115746,1
0.697396824190318,-0.47754299767417885,1
1.0965758257368203,-0.6682699641392948,1
0.9423956885001644,0.48100625235719463,0
0.6058879574243361,-0.42024564356886734,1
1.0059602708996913,-0.27618726261545673,1
1.8190849790075994,-0.04896476504912681,1
0.41058012742884775,0.9791013065904237,0
1.3292779514559558,-0.5665100843022077,1
-0.9921477753411907,0.3724642086455752,0
1.1284043494777622,-0.5415697022397061,1
0.28581008701354765,0.7944665405580975,0
0.8734224861553039,-0.8615521719649416,1
0.5063325485740475,-0.29334744764609716,1
-0.8355630187933977,0.19209762618871887,0
0.23060054466185315,-0.07137860110101851,1
0.8793955860954571,0.20466934087174038,0
0.918216942483726,-0.5380247064407467,1
0.787538812815852,0.5861388520654606,0
-0.09372247440760254,0.8530681307679598,0
-0.5496123307785976,0.9569698320154602,0
1.4766427657951704,-0.07985512591927416,1
-0.006649167316179556,0.18602540027003164,1
1.0049831316735758,0.16348297741983348,0
-0.5781761043946569,0.9354910831264905,0
1.0447608312906493,0.42329632559315755,0
-0.7309610422281109,0.7002240459283497,0
0.2935253998534979,0.9050161707968525,0
2.0500727833117063,-0.07435341470117354,1
0.5214077870260594,-0.25184696931487727,1
0.7089472671627375,0.4543360654068823,0
0.025802926719129732,-0.06686387770543947,1
-0.7831123595086776,0.3976990330975453,0
-0.6110387444811259,0.6947792774391526,0
1.1765911807011733,-0.5226995209612162,1
0.6595949770876119,-0.3695566433081622,1
0.9589848587801042,-0.5060875840115989,1
-1.004848754965784,0.2953713131354626,0
0.29261023687287335,-0.42957369823038744,1
0.7788658093995994,0.6384864575185146,0
2.086832545094171,0.02774223605187752,1
-1.073423176889677,0.05894635232193052,0
0.1439894141962252,0.42799496326099934,1
1.6306035775880532,-0.22024689359009741,1
1.100113450421903,-0.4586441813519562,1
1.3610727528966946,-0.5283619650334053,1
0.06029985459774909,1.0694079989835588,0
0.045699996303241563,0.49620428284434964,1
-0.6300254895570896,0.6025336689331549,0
1.880075670487223,0.07571188994058012,1
1.649431768722392,-0.33001099578616,1
0.407733324888454,-0.3436819354547439,1
-0.5406969513068687,0.9378264006737683,0
0.21099402564551356,-0.28550432475407395,1
0.2955484894114829,0.10128635277145312,1
1.5559408274474475,-0.204599249673267,1
-0.934325574307104,0.34406371447041817,0
-0.9546154480806526,0.3651080602410032,0
-0.9904880103829549,-0.11858378476082684,0
-0.6767332698009473,0.8120085904972778,0
-0.4613377552047208,0.6538770903899626,0
0.23678574217617926,1.1234040249156836,0
-0.06398777673673021,0.9311524456399188,0
1.564923359456134,-0.21119871147802965,1
-0.7826059898905742,0.25719563460201,0
1.4795516647658185,-0.3358603722477034,1
0.3107119157936671,0.06535838547251238,1
0.28859947382662143,-0.2740990704084275,1
-1.043312259035619,0.21897523694682522,0
-0.3359598821149805,0.9507183486751674,0
0.9662996163592994,0.32835936123193554,0
-1.0554680977003952,0.4853195015592784,0
1.0903067052611253,0.1487810777423037,0
1.869309218609622,0.02200261824301969,1
0.31201081614312454,-0.2529059646063135,1
0.15807804940690634,-0.027898689850354704,1
-1.100349619412134,0.20156314550113322,0
-0.6154179319269424,0.8001661840850773,0
1.7523266720610158,0.38099047766552246,1
0.8367668907966229,0.3885188228874017,0
-0.6034797154182667,0.910879336414818,0
0.23704078806482937,0.827806523676208,0
-0.3005263446364029,0.8549928419617823,0
1.0036961741266825,0.38441381561202886,0
0.5161894179165504,-0.5700353962479614,1
0.276534176065228,-0.0549815585485216,1
-1.01311874623731,0.06435586471069137,0
-0.058020551997710904,0.945929250668115,0
0.32975224156853633,-0.14966415901247976,1
1.502098995786643,-0.23430429323713725,1
0.4671953637695961,-0.27899198213915477,1
-0.09790664841285132,0.11574327933897577,1
0.11519893685849741,0.9106657029011345,0
0.7590125602915092,0.5818413366734945,0
-0.07063686339834156,0.9364246955067703,0
0.834187374260749,0.45084650210932353,0
1.914996907235376,-0.2765804993629924,1
0.8502119831335336,0.20576979974988638,0
1.0010848575456661,0.02765605279504746,0
-0.4803767061733284,0.7539673246265067,0
0.20613973723097712,1.036663373280574,0
0.12644177563372022,0.4733284729044388,1
-0.6673586594142521,0.6410720328137975,0
2.2281895275581016,0.27429886858459795,1
-0.4912858511809812,0.8535399970040287,0
-0.5171815345718312,0.8511579921776665,0
1.541038171257568,-0.34001233669242226,1
0.963594666001598,-0.6271032787037699,1
0.2112276241658564,0.9706051722105844,0
0.5815870212659875,0.6818954845839987,0
0.9360512147082926,0.06026892322804327,0
0.6707458156059618,0.5749342800541304,0
-1.0287180616340317,0.3641733595616541,0
0.6241782712801852,0.6958540764190047,0
1.1434290045511029,0.054443294292744526,0
0.8485231672157912,-0.581481269005525,1
0.055393145189267474,0.29528242166166213,1
0.7753410100188721,-0.537204230459017,1
0.7744151619401334,-0.5996736575999272,1
-0.2950345094620038,0.9856598266778842,0
1.12534318384249,-0.6584114538639126,1
-0.37384726360269344,0.8291292976339465,0
0.955732612058321,0.16108960328907196,0
1.967009635805759,0.35761422057913306,1
1.4396798377629556,-0.46248869776313717,1
0.2900806632991742,0.8982695644360413,0
-0.9084918489824546,0.5058412130131503,0
1.6871894954302922,-0.24104903092231245,1
-0.9614113188351548,0.35199345346395616,0
-0.8494604999007537,0.5650615979409113,0
0.5016103614939323,-0.4495801047045234,1
0.10038388256661011,0.20099205648217464,1
1.1793737539456033,0.16182761540433127,0
0.306568531213528,-0.10876963369125182,1
0.2123198873980197,0.9314981435988101,0
0.6733443024915503,0.7456572253608331,0
0.32392470406923657,-0.21036458016418352,1
2.104697861874839,0.29878413724871156,1
1.7900954253343129,0.26755435936468996,1
0.29016662609867133,0.8831704023634199,0
1.0819460421851292,-0.45322622473470253,1
2.0913953274843577,0.38369300161778197,1
0.04797553844512567,0.42277829055184335,1
-0.6207988111094419,0.8943092658228866,0
0.7977120121400834,0.06680882799356758,0
0.9280710522990733,-0.4407641994621489,1
0.8783067832549282,-0.3127754620729508,1
1.9141418217831303,-0.026377681833329614,1
1.7344127940051601,-0.2342226247180772,1
0.4839028557347645,0.7758492828690031,0
0.48740713915368283,-0.46337075471078737,1
0.9934626275095328,-0.6364139902044846,1
-0.3811204279865584,1.028618705198363,0
0.8560232635801418,0.5169368697876997,0
0.8620315800567365,0.30948695301295737,0
0.33515936871225227,-0.17725885483541987,1
-0.716239714969834,0.6377916632958717,0
0.3367179755102655,-0.427353028484459,1
0.9625300098559788,-0.3453075861060513,1
-0.7970464397114634,0.4079917969688584,0
0.782410799342023,0.639249073372109,0
-0.7792043845182597,0.5385901916709175,0
0.2964699279235758,0.9594500064553887,0
1.8358025159313782,-0.19652479649518914,1
1.4854382484026327,-0.20323115965234945,1
0.5082083105206887,0.7077115629303435,0
0.6702550849085698,0.8629203940786492,0
0.2048608696056326,1.0762768537608272,0
0.6829120809976666,-0.5476814990584356,1
-0.10236068953350036,0.21793003423012602,1
-0.6778654538975559,0.6541861783230777,0
-0.5272706088818443,0.8186643954387864,0
2.049634494428323,0.1538926958684947,1
1.7346974291572925,-0.06836148724694235,1
2.027098951217102,0.36525403026145964,1
1.494184078694343,-0.2709168994411245,1
-0.08127134731169845,0.10085683451879224,1
0.41436350115319076,-0.3087429358900706,1
0.4579973960790358,0.9427571503770089,0
1.503018434897469,-0.5982638496755156,1
0.8899642237518821,-0.5968416447113409,1
1.069902688377675,-0.3922055141042049,1
0.2174213654023745,0.9980503382611476,0
-0.019761008800960392,1.1346207591231843,0
0.34048051369911936,0.8415032873165917,0
1.8921217528980383,0.2975385477444806,1
1.317046754910186,-0.5410708210488764,1
-1.1082924871073554,-0.1278292801130214,0
2.1317230180211197,0.3732156703117551,1
0.09626651635433853,0.216519229516081,1
1.4577347369329734,-0.29483294154773715,1
-1.0463453633747137,0.19075639871040195,0
1.1780779278012135,-0.5939207658194453,1
-0.030127512494782613,0.5055665794301442,1
1.675951018219292,-0.26389353408526844,1
1.4443388699098245,-0.3074154939006972,1
0.7103361597322657,0.8233887754560616,0
-1.0543827110722592,0.4584915701541505,0
1.5851113118865037,-0.1695219748877756,1
0.6512221418391038,-0.44173545178982676,1
2.089823604699653,0.5857350291667491,1
0.19038235141832022,0.050053885326290126,1
0.11383921585145901,-0.06854710689824285,1
0.536909224190376,0.7615629107979311,0
-0.5936766180656143,0.7983110123995408,0
1.9610626641278344,-0.0032434718473243196,1
0.7698593868985837,0.586491537325152,0
0.7703015840925599,-0.5259319922394252,1
0.7559218139321622,0.6591954524097914,0
0.4022962330411154,0.9462076611454572,0
0.777678727223528,0.5384516152063273,0
-0.8948394041091365,-0.016331344570285983,0
-0.7455672260734707,0.5016057073289403,0
0.13059387066709627,-0.010149016728246418,1
-0.7556643397928107,0.6256442228013497,0
0.050516205245647094,1.1264028761230942,0
-0.9145387512999889,0.26231622980935176,0
0.919182322762823,0.44005136434712333,0
0.9182362632970583,-0.4639913578497576,1
0.26413129612760095,1.1062952756194528,0
2.1029775273281563,-0.0038227217213503617,1
1.4912433581899986,-0.3827972235981635,1
-0.7794021423892147,0.470126413412488,0
0.19949162368842113,0.03890310932230061,1
0.4864753481107381,-0.5691012315318877,1
2.1353404851420787,0.32144509708102614,1
1.0353089772531257,-0.47771503582292263,1
0.6373222827966502,0.8120086137432213,0
1.1797936185439666,-0.47184097156526184,1
1.7437136884669466,-0.021096369554376937,1
0.19370488543168077,0.9989160386290831,0
1.1822342320971129,-0.4448056010537031,1
1.594088868676403,-0.2843872297633887,1
1.1200987732510934,-0.05841123743341555,0
2.1029947794181356,0.35561148977138357,1
1.4301410405321908,-0.575574974403731,1
0.24205976766293524,0.8593450492317876,0
-0.1930834714613427,0.9481641264082632,0
0.9746510869939352,0.1653340162277324,0
-0.9371566102188287,0.6218153378793743,0
-0.675608744322254,0.8330866261219122,0
-0.3065776190032771,0.8021928839693625,0
1.7965414117637586,-0.003373596710766813,1
1.6367326308688153,-0.18956830331686111,1
-0.712024968104203,0.7306348353831786,0
0.15916817079199785,0.7593104337205904,0
0.49565823847004253,0.9685115836474474,0
-0.22413215016548213,0.8693253325988575,0
0.23841241398475788,0.8709684192035692,0
1.9406601466524498,0.12260878053093183,1
-1.0177961105077356,0.2332066500515229,0
-0.7854470548522738,0.4811030807220346,0
0.2479748437229935,0.9738524850582283,0
1.972880861700851,0.4440480359383824,1
-0.9717362519050279,-0.15794876779207032,0
0.17787504194972195,0.9692939053871107,0
0.8731740510692649,0.5315223087320701,0
-0.7045405712520925,0.557480337073752,0
0.05510707073993526,0.3603829047450757,1
0.5996867851320721,0.6360987119953475,0
1.6254992608982035,-0.3431014426298598,1
1.9939115408178192,0.3769799903351026,1
1.8483640999689137,-0.0702253966539152,1
0.8861401234720654,0.58597749412452,0
1.8626041779904128,0.038966908705915786,1
0.9726201699551601,-0.5975644136555659,1
-0.3581165083995945,0.8305617818433599,0
0.18030492003957968,0.9388961151605499,0
-0.8864675092768516,0.5170534902352708,0
0.6853643554356567,0.7358906719224453,0
0.1314069929929722,0.3091661269480728,1
1.0265749427190118,0.11287020502296513,0
1.9620023732600034,0.1314440570658412,1
0.6009393528627555,0.7489772578517155,0
-0.10342948250358594,1.1481445913381514,0
0.7964031106126426,0.2726887038114416,0
-0.17898452711106794,0.13085270647661035,1
0.14573976551935502,0.8979089799084043,0
-0.03084711435131204,1.1791049789140973,0
0.6765355854525512,-0.3362707701381307,1
-0.8825718142258143,0.24426389318939423,0
0.39085732906614334,0.9075876010494708,0
0.9607076821534097,-0.5049090719031938,1
1.9839909686836767,0.30678531361185885,1
2.2190844232040514,0.4436979683423791,1
-0.28851391307256674,0.9841860051285517,0
0.16152689974631057,-0.2714581655732,1
1.6183295568769682,-0.19226067898596905,1
1.7996551333348605,-0.11848681845677514,1
1.000668364572545,0.29906721085168886,0
-0.8789157725371535,0.5028997923203568,0
-1.0530854353618195,0.014699048247445681,0
1.9407067040192296,0.37241910843029435,1
2.0672252798708635,0.3684278774231707,1
0.9017748487635937,0.2310244493358647,0
0.2576391162703189,1.0125446951248749,0
-0.027046687143109444,1.0076372545652847,0
0.12223797355105753,-0.22574088888132016,1
1.6532685204339266,-0.2414012540986403,1
0.27658847851387386,0.9113860119746856,0
-0.528426685594025,0.6590328196394807,0
0.984729772830919,0.22314285766646913,0
1.2108035049645236,-0.48145689435885797,1
1.930141173402281,0.19494965569797962,1
0.8574463202857067,-0.34800973412630887,1
-0.11720122960239929,0.2784054635062273,1
1.6935225137693195,-0.3819754565002961,1
-0.9219202883958213,0.17081021776962177,0
0.21972871113243592,-0.2254801485710663,1
0.7389626679449851,0.4934838872238686,0
0.9511103617933845,0.6329638313232836,0
1.3056070225861784,-0.4176175541889356,1
0.7614911566890392,0.6819305282455586,0
0.05993532423279732,0.05220190279692313,1
0.4876020257749302,1.0859378423137975,0
0.9466774189566898,-0.41235357707419407,1
0.45581865432715124,0.94102309933564,0
0.45756364822879814,0.8984777847528287,0
0.688678214673301,-0.4824169258060705,1
0.5801918973239493,0.9262420755424245,0
0.19923724683961916,-0.09538281702444842,1
1.4649258909570655,-0.5538144157525974,1
-0.880857641919029,0.21206461378650693,0
0.29603337533974017,0.13637319474166346,1
1.4006919654000334,-0.13507700200165107,1
-0.8882757825561912,0.35439527184967357,0
0.7197986992154195,-0.4865079047876901,1
-0.5629411093293648,0.8771079795137938,0
1.012780850566093,0.29363097648640324,0
-0.8726177326071314,0.2796352699923032,0
0.40960648626653917,0.9844484004084676,0
-0.49625220862274144,0.9748244178363542,0
1.0467303769118566,-0.40263986984623057,1
-0.004659909026359016,1.0360743292627772,0
1.9658663185176437,0.33803301903768784,1
0.47820137528935575,-0.06358361758245293,1
0.9373748947845796,0.11577216153136848,0
-0.38147274731907227,0.8960191258037443,0
0.044816084085693667,0.24432493583062553,1
1.0805006589926713,0.04676823249561125,0
0.5859260833963673,0.6069179978199217,0
-0.17549617240828955,0.4169883017050237,1
0.4530096124741496,-0.2942475071755373,1
0.8731673050271711,-0.5621078009602636,1
1.457347412749268,-0.49447263236604455,1
1.9972513694877174,-0.02373355213190592,1
0.15353746784161276,0.9440328055094858,0
2.01999343413376,0.3368933075847887,1
-0.6091737293289095,0.7685669193302574,0
-0.07196701753676166,0.40440191785636453,1
0.36159720690979824,0.8863450800537308,0
-0.13133223353464882,1.0123234813128685,0
1.5806692877172324,-0.4627011507806582,1
1.0702584385317626,-0.5488996668848758,1
0.061421632328871656,-0.20301386426946394,1
0.23465767361732465,-0.10778731771986887,1
0.41678016192779976,-0.4868697738162367,1
-0.8395572605292941,0.4074178357574809,0
0.030354055749972252,0.12926672059107863,1
0.6437937954918416,1.0629946564693573,0
0.6825472640905631,0.6383973247749141,0
1.2290296776647749,-0.556097444463582,1
-0.04446454436846875,0.9779119862206781,0
-0.0569342405188592,0.9150415728303574,0
0.9983366804806678,0.35663731111625246,0
0.2834137847267326,-0.141487539144877,1
2.0131757651143074,0.3802346824380659,1
1.3832362153782731,-0.3927791149534954,1
0.6038209810771343,0.8128126751071171,0
-1.0245397113886359,0.007187290873141877,0
0.646293605499484,-0.5262832279355674,1
0.5815442512064122,-0.22517109892536802,1
0.900944793233452,0.568656275146235,0
-0.32527289338283255,1.0222693365884945,0
1.9938052245742968,0.38025836414884906,1
1.991060818765232,0.32089504718812045,1
0.9110180269636846,-0.4355290003173739,1
0.09777958808289591,0.01572688578198783,1
-0.7767446054937266,0.2911117743586442,0
0.043413708372236355,0.14809282282222377,1
0.9269803660749958,0.3646307857069947,0
-1.0404984784557019,0.28888090613963846,0
1.1947929019686991,-0.5723343825569401,1
-0.8921113026871613,0.31003157408917503,0
-0.07145613303651686,1.0396032236518655,0
-0.3776444573943189,0.8085269476397015,0
-0.4340595542720598,0.7431860114816312,0
2.075713120910861,0.6698271414730634,1
1.9015388589020807,0.18513082265968406,1
0.03612858175833081,0.11406028338471691,1
0.6459077231160487,0.7107926948501018,0
-0.007832069140420003,0.2496720134086961,1
-0.4378518521489766,0.8797758132986974,0
0.6474238373957618,-0.3397743013042069,1
-0.49536334465124754,0.8009528554501041,0
1.580435178047702,-0.2676860139653446,1
0.20548649759955373,-0.00014000300115002418,1
0.8576079133964192,0.33815143278698157,0
2.0373851351306174,0.15672306447824788,1
0.9163960088513154,0.20123797621330572,0
0.012630985272794503,1.1205819676076192,0
1.0238353180106186,0.10687562449685105,0
-0.7996035735430672,0.6597910729158051,0
0.995118910346388,0.10226032579301557,0
-0.17384913989917408,0.9926951027134652,0
-1.0215804342293144,0.04834295472791689,0
0.6617373847645023,0.6743643585458006,0
0.7597071898625225,-0.3827420456359456,1
0.9536331854529158,0.4174074326983683,0
1.6860150507022813,-0.3072716232375532,1
0.9748076443802992,0.4022978973156106,0
0.9744962877365149,-0.8004142171011177,1
0.4948927393086343,-0.547046619365934,1
0.5863594023798593,0.6409568317511279,0
1.8593782926618099,0.04959816080470176,1
-0.9552190342862127,0.1375638549036451,0
0.46430151919540985,-0.13337671425816017,1
1.8090845783492557,-0.3061591951014801,1
-0.754942971138017,0.3022381861759389,0
0.09921064713681803,0.8954215279994733,0
2.0554280487174292,0.1881886366136734,1
-0.0005419780867646842,0.09074358179399651,1
1.3754450809583922,-0.427080355866993,1
-0.8684756872771761,0.11050119606440253,0
0.07423639514304015,-0.012130348077766976,1
0.8934603297017285,0.485339728559018,0
-0.4254844705922626,1.0515498123864464,0
-0.6540223685464576,0.9020902012738726,0
